{
	"texture_size": [64, 64],
	"textures": {
		"0": "pearlo"
	},
	"elements": [
		{
			"name": "Head",
			"from": [5, 5, 5],
			"to": [11, 11, 11],
			"rotation": {"angle": 0, "axis": "x", "origin": [8, 7.75, 8]},
			"faces": {
				"north": {"uv": [2, 2, 4, 4], "texture": "#0"},
				"east": {"uv": [0, 2, 2, 4], "texture": "#0"},
				"south": {"uv": [6, 2, 8, 4], "texture": "#0"},
				"west": {"uv": [4, 2, 6, 4], "texture": "#0"},
				"up": {"uv": [4, 2, 2, 0], "texture": "#0"},
				"down": {"uv": [6, 0, 4, 2], "texture": "#0"}
			}
		},
		{
			"name": "Hat Layer",
			"from": [4.5, 4, 4.5],
			"to": [11.5, 11, 11.5],
			"rotation": {"angle": 0, "axis": "x", "origin": [8, 7.75, 8]},
			"faces": {
				"north": {"uv": [10, 2, 12, 4], "texture": "#0"},
				"east": {"uv": [8, 2, 10, 4], "texture": "#0"},
				"south": {"uv": [14, 2, 16, 4], "texture": "#0"},
				"west": {"uv": [12, 2, 14, 4], "texture": "#0"},
				"up": {"uv": [12, 2, 10, 0], "texture": "#0"},
				"down": {"uv": [14, 0, 12, 2], "texture": "#0"}
			}
		}
	],
	"groups": [
		{
			"name": "Head",
			"origin": [0, 24, 0],
			"color": 0,
			"children": [0, 1]
		}
	],
	"display": {
	    "gui": {
            "rotation": [ 0, 180, 0 ],
            "translation": [ 0, 2, 0 ],
            "scale": [ 1.5, 1.5, 1.5 ]
        },
	    "firstperson_righthand": {
            "rotation": [ 0, 180, 0 ],
            "translation": [ -2, 4, -1 ],
            "scale": [ 1, 1, 1 ]
        },
        "firstperson_lefthand": {
            "rotation": [ 0, 180, 0 ],
            "translation": [ -2, 4, -1 ],
            "scale": [ 1, 1, 1 ]
        },
        "thirdperson_righthand": {
            "rotation": [ 90, 0, 0 ],
            "translation": [ 0, 0, 0 ],
            "scale": [ 1, 1, 1 ]
        },
        "thirdperson_lefthand": {
            "rotation": [ 90, 0, 0 ],
            "translation": [ 0, 0, 0 ],
            "scale": [ 1, 1, 1 ]
        }
    }
}
